USE ProgRockBD
GO
SET IDENTITY_INSERT [Groupes].[Groupe] ON

INSERT [Groupes].[Groupe] ([GroupeID], [Nom], [DateFormation], [TotaleAlbumVendue])
VALUES (1, N'Genesis', CAST(N'1967-03-07' AS Date), 0)
INSERT [Groupes].[Groupe] ([GroupeID], [Nom], [DateFormation], [TotaleAlbumVendue])
VALUES (2, N'Rush', CAST(N'1968-08-18' AS Date), 0)
INSERT [Groupes].[Groupe] ([GroupeID], [Nom], [DateFormation], [TotaleAlbumVendue])
VALUES (3, N'Dream Theater', CAST(N'1985-09-23' AS Date), 0)
SET IDENTITY_INSERT [Groupes].[Groupe] OFF
GO
SET IDENTITY_INSERT [Albums].[Album] ON

INSERT [Albums].[Album] ([AlbumID], [Nom], [DatePublication], [NombreVentes], [NoteCritiques], [GroupeID])
VALUES (1, N'Selling England by the Pound', CAST(N'1973-09-28' AS Date), 983231, 90, 1)
INSERT [Albums].[Album] ([AlbumID], [Nom], [DatePublication], [NombreVentes], [NoteCritiques], [GroupeID])
VALUES (2, N'Duke', CAST(N'1980-03-20' AS Date), 1478987, 83, 1)
INSERT [Albums].[Album] ([AlbumID], [Nom], [DatePublication], [NombreVentes], [NoteCritiques], [GroupeID])
VALUES (3, N'Invisible Touch', CAST(N'1986-06-06' AS Date), 8708132, 85, 1)
INSERT [Albums].[Album] ([AlbumID], [Nom], [DatePublication], [NombreVentes], [NoteCritiques], [GroupeID])
VALUES (4, N'Turn It on Again: The Hits', CAST(N'1999-10-26' AS Date), 1589382, 80, 1)
INSERT [Albums].[Album] ([AlbumID], [Nom], [DatePublication], [NombreVentes], [NoteCritiques], [GroupeID])
VALUES (5, N'Fly By Night', CAST(N'1975-02-15' AS Date), 1194384, 78, 2)
INSERT [Albums].[Album] ([AlbumID], [Nom], [DatePublication], [NombreVentes], [NoteCritiques], [GroupeID])
VALUES (6, N'Hemispheres', CAST(N'1978-10-25' AS Date), 1168134, 87, 2)
INSERT [Albums].[Album] ([AlbumID], [Nom], [DatePublication], [NombreVentes], [NoteCritiques], [GroupeID])
VALUES (7, N'Moving Pictures', CAST(N'1981-02-12' AS Date), 5594392, 94, 2)
INSERT [Albums].[Album] ([AlbumID], [Nom], [DatePublication], [NombreVentes], [NoteCritiques], [GroupeID])
VALUES (8, N'Images and Words', CAST(N'1992-07-07' AS Date), 649382, 86, 3)
INSERT [Albums].[Album] ([AlbumID], [Nom], [DatePublication], [NombreVentes], [NoteCritiques], [GroupeID])
VALUES (9, N'Metropolis, Pt. 2: Scenes from a Memory', CAST(N'1999-10-26' AS Date), 1393209, 93, 3)
INSERT [Albums].[Album] ([AlbumID], [Nom], [DatePublication], [NombreVentes], [NoteCritiques], [GroupeID])
VALUES (10, N'Octovarium', CAST(N'2005-06-07' AS Date), 943382, 78, 3)
INSERT [Albums].[Album] ([AlbumID], [Nom], [DatePublication], [NombreVentes], [NoteCritiques], [GroupeID])
VALUES (11, N'Greatest Hit (...and 21 Other Pretty Cool Songs)', CAST(N'2008-04-01' AS Date), 732493, 73, 3)
SET IDENTITY_INSERT [Albums].[Album] OFF
GO
SET IDENTITY_INSERT [Albums].[Chanson] ON

INSERT [Albums].[Chanson] ([ChansonID], [Titre], [DureeSeconde])
VALUES (1, N'Dancing with the Moonlit Knight', 485)
INSERT [Albums].[Chanson] ([ChansonID], [Titre], [DureeSeconde])
VALUES (2, N'I Know What I Like (In Your Wardrobe)', 248)
INSERT [Albums].[Chanson] ([ChansonID], [Titre], [DureeSeconde])
VALUES (3, N'Firth of Fifth', 578)
INSERT [Albums].[Chanson] ([ChansonID], [Titre], [DureeSeconde])
VALUES (4, N'More Fool Me', 192)
INSERT [Albums].[Chanson] ([ChansonID], [Titre], [DureeSeconde])
VALUES (5, N'The Battle of Epping Forest', 709)
INSERT [Albums].[Chanson] ([ChansonID], [Titre], [DureeSeconde])
VALUES (6, N'After the Ordeal', 257)
INSERT [Albums].[Chanson] ([ChansonID], [Titre], [DureeSeconde])
VALUES (7, N'The Cinema Show', 666)
INSERT [Albums].[Chanson] ([ChansonID], [Titre], [DureeSeconde])
VALUES (8, N'Aisle of Plenty', 93)
INSERT [Albums].[Chanson] ([ChansonID], [Titre], [DureeSeconde])
VALUES (9, N'Behind the Lines', 331)
INSERT [Albums].[Chanson] ([ChansonID], [Titre], [DureeSeconde])
VALUES (10, N'Duchess', 400)
INSERT [Albums].[Chanson] ([ChansonID], [Titre], [DureeSeconde])
VALUES (11, N'Guide Vocal', 78)
INSERT [Albums].[Chanson] ([ChansonID], [Titre], [DureeSeconde])
VALUES (12, N'Man of Our Times', 535)
INSERT [Albums].[Chanson] ([ChansonID], [Titre], [DureeSeconde])
VALUES (13, N'Misunderstanding', 191)
INSERT [Albums].[Chanson] ([ChansonID], [Titre], [DureeSeconde])
VALUES (14, N'Heathaze', 300)
INSERT [Albums].[Chanson] ([ChansonID], [Titre], [DureeSeconde])
VALUES (15, N'Turn It On Again', 230)
INSERT [Albums].[Chanson] ([ChansonID], [Titre], [DureeSeconde])
VALUES (16, N'Alone Tonight', 234)
INSERT [Albums].[Chanson] ([ChansonID], [Titre], [DureeSeconde])
VALUES (17, N'Cul-de-sac', 302)
INSERT [Albums].[Chanson] ([ChansonID], [Titre], [DureeSeconde])
VALUES (18, N'Please Don''t Ask', 240)
INSERT [Albums].[Chanson] ([ChansonID], [Titre], [DureeSeconde])
VALUES (19, N'Duke''s Travels', 521)
INSERT [Albums].[Chanson] ([ChansonID], [Titre], [DureeSeconde])
VALUES (20, N'Duke''s End', 124)
INSERT [Albums].[Chanson] ([ChansonID], [Titre], [DureeSeconde])
VALUES (21, N'Invisible Touch', 209)
INSERT [Albums].[Chanson] ([ChansonID], [Titre], [DureeSeconde])
VALUES (22, N'Tonight, Tonight, Tonight', 533)
INSERT [Albums].[Chanson] ([ChansonID], [Titre], [DureeSeconde])
VALUES (23, N'Land of Confusion', 285)
INSERT [Albums].[Chanson] ([ChansonID], [Titre], [DureeSeconde])
VALUES (24, N'In Too Deep', 298)
INSERT [Albums].[Chanson] ([ChansonID], [Titre], [DureeSeconde])
VALUES (25, N'Anything She Does', 249)
INSERT [Albums].[Chanson] ([ChansonID], [Titre], [DureeSeconde])
VALUES (26, N'Domino', 644)
INSERT [Albums].[Chanson] ([ChansonID], [Titre], [DureeSeconde])
VALUES (27, N'Throwing It All Away', 233)
INSERT [Albums].[Chanson] ([ChansonID], [Titre], [DureeSeconde])
VALUES (28, N'The Brazilian', 290)
INSERT [Albums].[Chanson] ([ChansonID], [Titre], [DureeSeconde])
VALUES (29, N'Mama', 627)
INSERT [Albums].[Chanson] ([ChansonID], [Titre], [DureeSeconde])
VALUES (30, N'I Can''t Dance', 240)
INSERT [Albums].[Chanson] ([ChansonID], [Titre], [DureeSeconde])
VALUES (31, N'Follow You Follow Me', 239)
INSERT [Albums].[Chanson] ([ChansonID], [Titre], [DureeSeconde])
VALUES (32, N'Hold on My Heart', 278)
INSERT [Albums].[Chanson] ([ChansonID], [Titre], [DureeSeconde])
VALUES (33, N'Abacab', 250)
INSERT [Albums].[Chanson] ([ChansonID], [Titre], [DureeSeconde])
VALUES (34, N'No Son of Mine', 544)
INSERT [Albums].[Chanson] ([ChansonID], [Titre], [DureeSeconde])
VALUES (35, N'Congo', 243)
INSERT [Albums].[Chanson] ([ChansonID], [Titre], [DureeSeconde])
VALUES (36, N'Jesus He Knows Me', 256)
INSERT [Albums].[Chanson] ([ChansonID], [Titre], [DureeSeconde])
VALUES (37, N'That''s All', 265)
INSERT [Albums].[Chanson] ([ChansonID], [Titre], [DureeSeconde])
VALUES (38, N'The Carpet Crawlers 1999', 339)
INSERT [Albums].[Chanson] ([ChansonID], [Titre], [DureeSeconde])
VALUES (39, N'Anthem', 276)
INSERT [Albums].[Chanson] ([ChansonID], [Titre], [DureeSeconde])
VALUES (40, N'Best I Can', 204)
INSERT [Albums].[Chanson] ([ChansonID], [Titre], [DureeSeconde])
VALUES (41, N'Beneath, Between & Behind', 179)
INSERT [Albums].[Chanson] ([ChansonID], [Titre], [DureeSeconde])
VALUES (42, N'By-Tor & the Snow Dog', 516)
INSERT [Albums].[Chanson] ([ChansonID], [Titre], [DureeSeconde])
VALUES (43, N'Fly By Night', 201)
INSERT [Albums].[Chanson] ([ChansonID], [Titre], [DureeSeconde])
VALUES (44, N'Making Memories', 178)
INSERT [Albums].[Chanson] ([ChansonID], [Titre], [DureeSeconde])
VALUES (45, N'Rivendell', 297)
INSERT [Albums].[Chanson] ([ChansonID], [Titre], [DureeSeconde])
VALUES (46, N'In the End', 408)
INSERT [Albums].[Chanson] ([ChansonID], [Titre], [DureeSeconde])
VALUES (47, N'Cygnus X-1 Book II: Hemispheres', 1085)
INSERT [Albums].[Chanson] ([ChansonID], [Titre], [DureeSeconde])
VALUES (48, N'Circumstances', 220)
INSERT [Albums].[Chanson] ([ChansonID], [Titre], [DureeSeconde])
VALUES (49, N'The Trees', 282)
INSERT [Albums].[Chanson] ([ChansonID], [Titre], [DureeSeconde])
VALUES (50, N'La Villa Strangiato (An exercise in Self-Indulgence)', 574)
INSERT [Albums].[Chanson] ([ChansonID], [Titre], [DureeSeconde])
VALUES (51, N'Tom Sawyer', 273)
INSERT [Albums].[Chanson] ([ChansonID], [Titre], [DureeSeconde])
VALUES (52, N'Red Barchetta', 366)
INSERT [Albums].[Chanson] ([ChansonID], [Titre], [DureeSeconde])
VALUES (53, N'YYZ', 264)
INSERT [Albums].[Chanson] ([ChansonID], [Titre], [DureeSeconde])
VALUES (54, N'Limelight', 259)
INSERT [Albums].[Chanson] ([ChansonID], [Titre], [DureeSeconde])
VALUES (55, N'The Camera Eye', 656)
INSERT [Albums].[Chanson] ([ChansonID], [Titre], [DureeSeconde])
VALUES (56, N'Witch Hunt (Part III of ''Fear'')', 302)
INSERT [Albums].[Chanson] ([ChansonID], [Titre], [DureeSeconde])
VALUES (57, N'Vital Signs', 302)
INSERT [Albums].[Chanson] ([ChansonID], [Titre], [DureeSeconde])
VALUES (58, N'Pull Me Under', 494)
INSERT [Albums].[Chanson] ([ChansonID], [Titre], [DureeSeconde])
VALUES (59, N'Another Day', 263)
INSERT [Albums].[Chanson] ([ChansonID], [Titre], [DureeSeconde])
VALUES (60, N'Take the Time', 501)
INSERT [Albums].[Chanson] ([ChansonID], [Titre], [DureeSeconde])
VALUES (61, N'Surrounded', 330)
INSERT [Albums].[Chanson] ([ChansonID], [Titre], [DureeSeconde])
VALUES (62, N'Metropolis-Part I: ''The Miracle and the Sleeper''?', 572)
INSERT [Albums].[Chanson] ([ChansonID], [Titre], [DureeSeconde])
VALUES (63, N'Under a Glass Moon', 423)
INSERT [Albums].[Chanson] ([ChansonID], [Titre], [DureeSeconde])
VALUES (64, N'Wait for Sleep', 151)
INSERT [Albums].[Chanson] ([ChansonID], [Titre], [DureeSeconde])
VALUES (65, N'Learning to Live', 690)
INSERT [Albums].[Chanson] ([ChansonID], [Titre], [DureeSeconde])
VALUES (66, N'Scene One: Regression', 186)
INSERT [Albums].[Chanson] ([ChansonID], [Titre], [DureeSeconde])
VALUES (67, N'Scene Two: I. Overture 1928', 217)
INSERT [Albums].[Chanson] ([ChansonID], [Titre], [DureeSeconde])
VALUES (68, N'Scene Two: II. Strange Deja Vu', 312)
INSERT [Albums].[Chanson] ([ChansonID], [Titre], [DureeSeconde])
VALUES (69, N'Scene Three: I. Through My Words', 62)
INSERT [Albums].[Chanson] ([ChansonID], [Titre], [DureeSeconde])
VALUES (70, N'Scene Three: II. Fatal Tragedy', 409)
INSERT [Albums].[Chanson] ([ChansonID], [Titre], [DureeSeconde])
VALUES (71, N'Scene Four: Beyond This Life', 682)
INSERT [Albums].[Chanson] ([ChansonID], [Titre], [DureeSeconde])
VALUES (72, N'Scene Five: Through Her Eyes', 329)
INSERT [Albums].[Chanson] ([ChansonID], [Titre], [DureeSeconde])
VALUES (73, N'Scene Six: Home', 773)
INSERT [Albums].[Chanson] ([ChansonID], [Titre], [DureeSeconde])
VALUES (74, N'Scene Seven: I. The Dance of Eternity', 373)
INSERT [Albums].[Chanson] ([ChansonID], [Titre], [DureeSeconde])
VALUES (75, N'Scene Seven: II. One Last Time', 226)
INSERT [Albums].[Chanson] ([ChansonID], [Titre], [DureeSeconde])
VALUES (76, N'Scene Eight: The Spirit Carries On', 398)
INSERT [Albums].[Chanson] ([ChansonID], [Titre], [DureeSeconde])
VALUES (77, N'Scene Nine: Finally Free', 719)
INSERT [Albums].[Chanson] ([ChansonID], [Titre], [DureeSeconde])
VALUES (78, N'The Root of All Evil', 505)
INSERT [Albums].[Chanson] ([ChansonID], [Titre], [DureeSeconde])
VALUES (79, N'The Answer Lies Within', 333)
INSERT [Albums].[Chanson] ([ChansonID], [Titre], [DureeSeconde])
VALUES (80, N'These Walls', 456)
INSERT [Albums].[Chanson] ([ChansonID], [Titre], [DureeSeconde])
VALUES (81, N'I Walk Beside You', 269)
INSERT [Albums].[Chanson] ([ChansonID], [Titre], [DureeSeconde])
VALUES (82, N'Panic Attack', 493)
INSERT [Albums].[Chanson] ([ChansonID], [Titre], [DureeSeconde])
VALUES (83, N'Never Enough', 406)
INSERT [Albums].[Chanson] ([ChansonID], [Titre], [DureeSeconde])
VALUES (84, N'Sacrificed Sons', 642)
INSERT [Albums].[Chanson] ([ChansonID], [Titre], [DureeSeconde])
VALUES (85, N'Octavarium', 1440)
INSERT [Albums].[Chanson] ([ChansonID], [Titre], [DureeSeconde])
VALUES (86, N'Lie', 302)
INSERT [Albums].[Chanson] ([ChansonID], [Titre], [DureeSeconde])
VALUES (87, N'Peruvian Skies', 402)
INSERT [Albums].[Chanson] ([ChansonID], [Titre], [DureeSeconde])
VALUES (88, N'Misunderstood', 314)
INSERT [Albums].[Chanson] ([ChansonID], [Titre], [DureeSeconde])
VALUES (89, N'The Test That Stumped Them All', 300)
INSERT [Albums].[Chanson] ([ChansonID], [Titre], [DureeSeconde])
VALUES (90, N'As I Am', 434)
INSERT [Albums].[Chanson] ([ChansonID], [Titre], [DureeSeconde])
VALUES (91, N'Endless Sacrifice', 683)
INSERT [Albums].[Chanson] ([ChansonID], [Titre], [DureeSeconde])
VALUES (92, N'To Live Forever', 296)
INSERT [Albums].[Chanson] ([ChansonID], [Titre], [DureeSeconde])
VALUES (93, N'Lifting Shadows off a Dream', 369)
INSERT [Albums].[Chanson] ([ChansonID], [Titre], [DureeSeconde])
VALUES (94, N'The Silent Man', 227)
INSERT [Albums].[Chanson] ([ChansonID], [Titre], [DureeSeconde])
VALUES (95, N'Hollow Years', 355)
INSERT [Albums].[Chanson] ([ChansonID], [Titre], [DureeSeconde])
VALUES (96, N'Solitary Shell', 250)
INSERT [Albums].[Chanson] ([ChansonID], [Titre], [DureeSeconde])
VALUES (97, N'Disappear', 405)
SET IDENTITY_INSERT [Albums].[Chanson] OFF
GO
SET IDENTITY_INSERT [Albums].[ChansonAlbum] ON

INSERT [Albums].[ChansonAlbum] ([ChansonAlbumID], [ChansonID], [AlbumID])
VALUES (1, 1, 1)
INSERT [Albums].[ChansonAlbum] ([ChansonAlbumID], [ChansonID], [AlbumID])
VALUES (2, 2, 1)
INSERT [Albums].[ChansonAlbum] ([ChansonAlbumID], [ChansonID], [AlbumID])
VALUES (3, 3, 1)
INSERT [Albums].[ChansonAlbum] ([ChansonAlbumID], [ChansonID], [AlbumID])
VALUES (4, 4, 1)
INSERT [Albums].[ChansonAlbum] ([ChansonAlbumID], [ChansonID], [AlbumID])
VALUES (5, 5, 1)
INSERT [Albums].[ChansonAlbum] ([ChansonAlbumID], [ChansonID], [AlbumID])
VALUES (6, 6, 1)
INSERT [Albums].[ChansonAlbum] ([ChansonAlbumID], [ChansonID], [AlbumID])
VALUES (7, 7, 1)
INSERT [Albums].[ChansonAlbum] ([ChansonAlbumID], [ChansonID], [AlbumID])
VALUES (8, 8, 1)
INSERT [Albums].[ChansonAlbum] ([ChansonAlbumID], [ChansonID], [AlbumID])
VALUES (9, 9, 2)
INSERT [Albums].[ChansonAlbum] ([ChansonAlbumID], [ChansonID], [AlbumID])
VALUES (10, 10, 2)
INSERT [Albums].[ChansonAlbum] ([ChansonAlbumID], [ChansonID], [AlbumID])
VALUES (11, 11, 2)
INSERT [Albums].[ChansonAlbum] ([ChansonAlbumID], [ChansonID], [AlbumID])
VALUES (12, 12, 2)
INSERT [Albums].[ChansonAlbum] ([ChansonAlbumID], [ChansonID], [AlbumID])
VALUES (13, 13, 2)
INSERT [Albums].[ChansonAlbum] ([ChansonAlbumID], [ChansonID], [AlbumID])
VALUES (14, 14, 2)
INSERT [Albums].[ChansonAlbum] ([ChansonAlbumID], [ChansonID], [AlbumID])
VALUES (15, 15, 2)
INSERT [Albums].[ChansonAlbum] ([ChansonAlbumID], [ChansonID], [AlbumID])
VALUES (16, 16, 2)
INSERT [Albums].[ChansonAlbum] ([ChansonAlbumID], [ChansonID], [AlbumID])
VALUES (17, 17, 2)
INSERT [Albums].[ChansonAlbum] ([ChansonAlbumID], [ChansonID], [AlbumID])
VALUES (18, 18, 2)
INSERT [Albums].[ChansonAlbum] ([ChansonAlbumID], [ChansonID], [AlbumID])
VALUES (19, 19, 2)
INSERT [Albums].[ChansonAlbum] ([ChansonAlbumID], [ChansonID], [AlbumID])
VALUES (20, 20, 2)
INSERT [Albums].[ChansonAlbum] ([ChansonAlbumID], [ChansonID], [AlbumID])
VALUES (21, 21, 3)
INSERT [Albums].[ChansonAlbum] ([ChansonAlbumID], [ChansonID], [AlbumID])
VALUES (22, 22, 3)
INSERT [Albums].[ChansonAlbum] ([ChansonAlbumID], [ChansonID], [AlbumID])
VALUES (23, 23, 3)
INSERT [Albums].[ChansonAlbum] ([ChansonAlbumID], [ChansonID], [AlbumID])
VALUES (24, 24, 3)
INSERT [Albums].[ChansonAlbum] ([ChansonAlbumID], [ChansonID], [AlbumID])
VALUES (25, 25, 3)
INSERT [Albums].[ChansonAlbum] ([ChansonAlbumID], [ChansonID], [AlbumID])
VALUES (26, 26, 3)
INSERT [Albums].[ChansonAlbum] ([ChansonAlbumID], [ChansonID], [AlbumID])
VALUES (27, 27, 3)
INSERT [Albums].[ChansonAlbum] ([ChansonAlbumID], [ChansonID], [AlbumID])
VALUES (28, 28, 3)
INSERT [Albums].[ChansonAlbum] ([ChansonAlbumID], [ChansonID], [AlbumID])
VALUES (29, 15, 4)
INSERT [Albums].[ChansonAlbum] ([ChansonAlbumID], [ChansonID], [AlbumID])
VALUES (30, 21, 4)
INSERT [Albums].[ChansonAlbum] ([ChansonAlbumID], [ChansonID], [AlbumID])
VALUES (31, 29, 4)
INSERT [Albums].[ChansonAlbum] ([ChansonAlbumID], [ChansonID], [AlbumID])
VALUES (32, 23, 4)
INSERT [Albums].[ChansonAlbum] ([ChansonAlbumID], [ChansonID], [AlbumID])
VALUES (33, 30, 4)
INSERT [Albums].[ChansonAlbum] ([ChansonAlbumID], [ChansonID], [AlbumID])
VALUES (34, 31, 4)
INSERT [Albums].[ChansonAlbum] ([ChansonAlbumID], [ChansonID], [AlbumID])
VALUES (35, 32, 4)
INSERT [Albums].[ChansonAlbum] ([ChansonAlbumID], [ChansonID], [AlbumID])
VALUES (36, 33, 4)
INSERT [Albums].[ChansonAlbum] ([ChansonAlbumID], [ChansonID], [AlbumID])
VALUES (37, 2, 4)
INSERT [Albums].[ChansonAlbum] ([ChansonAlbumID], [ChansonID], [AlbumID])
VALUES (38, 34, 4)
INSERT [Albums].[ChansonAlbum] ([ChansonAlbumID], [ChansonID], [AlbumID])
VALUES (39, 22, 4)
INSERT [Albums].[ChansonAlbum] ([ChansonAlbumID], [ChansonID], [AlbumID])
VALUES (40, 24, 4)
INSERT [Albums].[ChansonAlbum] ([ChansonAlbumID], [ChansonID], [AlbumID])
VALUES (41, 35, 4)
INSERT [Albums].[ChansonAlbum] ([ChansonAlbumID], [ChansonID], [AlbumID])
VALUES (42, 36, 4)
INSERT [Albums].[ChansonAlbum] ([ChansonAlbumID], [ChansonID], [AlbumID])
VALUES (43, 37, 4)
INSERT [Albums].[ChansonAlbum] ([ChansonAlbumID], [ChansonID], [AlbumID])
VALUES (44, 13, 4)
INSERT [Albums].[ChansonAlbum] ([ChansonAlbumID], [ChansonID], [AlbumID])
VALUES (45, 27, 4)
INSERT [Albums].[ChansonAlbum] ([ChansonAlbumID], [ChansonID], [AlbumID])
VALUES (46, 38, 4)
INSERT [Albums].[ChansonAlbum] ([ChansonAlbumID], [ChansonID], [AlbumID])
VALUES (47, 39, 5)
INSERT [Albums].[ChansonAlbum] ([ChansonAlbumID], [ChansonID], [AlbumID])
VALUES (48, 40, 5)
INSERT [Albums].[ChansonAlbum] ([ChansonAlbumID], [ChansonID], [AlbumID])
VALUES (49, 41, 5)
INSERT [Albums].[ChansonAlbum] ([ChansonAlbumID], [ChansonID], [AlbumID])
VALUES (50, 42, 5)
INSERT [Albums].[ChansonAlbum] ([ChansonAlbumID], [ChansonID], [AlbumID])
VALUES (51, 43, 5)
INSERT [Albums].[ChansonAlbum] ([ChansonAlbumID], [ChansonID], [AlbumID])
VALUES (52, 44, 5)
INSERT [Albums].[ChansonAlbum] ([ChansonAlbumID], [ChansonID], [AlbumID])
VALUES (53, 45, 5)
INSERT [Albums].[ChansonAlbum] ([ChansonAlbumID], [ChansonID], [AlbumID])
VALUES (54, 46, 5)
INSERT [Albums].[ChansonAlbum] ([ChansonAlbumID], [ChansonID], [AlbumID])
VALUES (55, 47, 6)
INSERT [Albums].[ChansonAlbum] ([ChansonAlbumID], [ChansonID], [AlbumID])
VALUES (56, 48, 6)
INSERT [Albums].[ChansonAlbum] ([ChansonAlbumID], [ChansonID], [AlbumID])
VALUES (57, 49, 6)
INSERT [Albums].[ChansonAlbum] ([ChansonAlbumID], [ChansonID], [AlbumID])
VALUES (58, 50, 6)
INSERT [Albums].[ChansonAlbum] ([ChansonAlbumID], [ChansonID], [AlbumID])
VALUES (59, 51, 7)
INSERT [Albums].[ChansonAlbum] ([ChansonAlbumID], [ChansonID], [AlbumID])
VALUES (60, 52, 7)
INSERT [Albums].[ChansonAlbum] ([ChansonAlbumID], [ChansonID], [AlbumID])
VALUES (61, 53, 7)
INSERT [Albums].[ChansonAlbum] ([ChansonAlbumID], [ChansonID], [AlbumID])
VALUES (62, 54, 7)
INSERT [Albums].[ChansonAlbum] ([ChansonAlbumID], [ChansonID], [AlbumID])
VALUES (63, 55, 7)
INSERT [Albums].[ChansonAlbum] ([ChansonAlbumID], [ChansonID], [AlbumID])
VALUES (64, 56, 7)
INSERT [Albums].[ChansonAlbum] ([ChansonAlbumID], [ChansonID], [AlbumID])
VALUES (65, 57, 7)
INSERT [Albums].[ChansonAlbum] ([ChansonAlbumID], [ChansonID], [AlbumID])
VALUES (66, 58, 8)
INSERT [Albums].[ChansonAlbum] ([ChansonAlbumID], [ChansonID], [AlbumID])
VALUES (67, 59, 8)
INSERT [Albums].[ChansonAlbum] ([ChansonAlbumID], [ChansonID], [AlbumID])
VALUES (68, 60, 8)
INSERT [Albums].[ChansonAlbum] ([ChansonAlbumID], [ChansonID], [AlbumID])
VALUES (69, 61, 8)
INSERT [Albums].[ChansonAlbum] ([ChansonAlbumID], [ChansonID], [AlbumID])
VALUES (70, 62, 8)
INSERT [Albums].[ChansonAlbum] ([ChansonAlbumID], [ChansonID], [AlbumID])
VALUES (71, 63, 8)
INSERT [Albums].[ChansonAlbum] ([ChansonAlbumID], [ChansonID], [AlbumID])
VALUES (72, 64, 8)
INSERT [Albums].[ChansonAlbum] ([ChansonAlbumID], [ChansonID], [AlbumID])
VALUES (73, 65, 8)
INSERT [Albums].[ChansonAlbum] ([ChansonAlbumID], [ChansonID], [AlbumID])
VALUES (74, 66, 9)
INSERT [Albums].[ChansonAlbum] ([ChansonAlbumID], [ChansonID], [AlbumID])
VALUES (75, 67, 9)
INSERT [Albums].[ChansonAlbum] ([ChansonAlbumID], [ChansonID], [AlbumID])
VALUES (76, 68, 9)
INSERT [Albums].[ChansonAlbum] ([ChansonAlbumID], [ChansonID], [AlbumID])
VALUES (77, 69, 9)
INSERT [Albums].[ChansonAlbum] ([ChansonAlbumID], [ChansonID], [AlbumID])
VALUES (78, 70, 9)
INSERT [Albums].[ChansonAlbum] ([ChansonAlbumID], [ChansonID], [AlbumID])
VALUES (79, 71, 9)
INSERT [Albums].[ChansonAlbum] ([ChansonAlbumID], [ChansonID], [AlbumID])
VALUES (80, 72, 9)
INSERT [Albums].[ChansonAlbum] ([ChansonAlbumID], [ChansonID], [AlbumID])
VALUES (81, 73, 9)
INSERT [Albums].[ChansonAlbum] ([ChansonAlbumID], [ChansonID], [AlbumID])
VALUES (82, 74, 9)
INSERT [Albums].[ChansonAlbum] ([ChansonAlbumID], [ChansonID], [AlbumID])
VALUES (83, 75, 9)
INSERT [Albums].[ChansonAlbum] ([ChansonAlbumID], [ChansonID], [AlbumID])
VALUES (84, 76, 9)
INSERT [Albums].[ChansonAlbum] ([ChansonAlbumID], [ChansonID], [AlbumID])
VALUES (85, 77, 9)
INSERT [Albums].[ChansonAlbum] ([ChansonAlbumID], [ChansonID], [AlbumID])
VALUES (86, 78, 10)
INSERT [Albums].[ChansonAlbum] ([ChansonAlbumID], [ChansonID], [AlbumID])
VALUES (87, 79, 10)
INSERT [Albums].[ChansonAlbum] ([ChansonAlbumID], [ChansonID], [AlbumID])
VALUES (88, 80, 10)
INSERT [Albums].[ChansonAlbum] ([ChansonAlbumID], [ChansonID], [AlbumID])
VALUES (89, 81, 10)
INSERT [Albums].[ChansonAlbum] ([ChansonAlbumID], [ChansonID], [AlbumID])
VALUES (90, 82, 10)
INSERT [Albums].[ChansonAlbum] ([ChansonAlbumID], [ChansonID], [AlbumID])
VALUES (91, 83, 10)
INSERT [Albums].[ChansonAlbum] ([ChansonAlbumID], [ChansonID], [AlbumID])
VALUES (92, 84, 10)
INSERT [Albums].[ChansonAlbum] ([ChansonAlbumID], [ChansonID], [AlbumID])
VALUES (93, 85, 10)
INSERT [Albums].[ChansonAlbum] ([ChansonAlbumID], [ChansonID], [AlbumID])
VALUES (94, 58, 11)
INSERT [Albums].[ChansonAlbum] ([ChansonAlbumID], [ChansonID], [AlbumID])
VALUES (95, 60, 11)
INSERT [Albums].[ChansonAlbum] ([ChansonAlbumID], [ChansonID], [AlbumID])
VALUES (96, 86, 11)
INSERT [Albums].[ChansonAlbum] ([ChansonAlbumID], [ChansonID], [AlbumID])
VALUES (97, 87, 11)
INSERT [Albums].[ChansonAlbum] ([ChansonAlbumID], [ChansonID], [AlbumID])
VALUES (98, 73, 11)
INSERT [Albums].[ChansonAlbum] ([ChansonAlbumID], [ChansonID], [AlbumID])
VALUES (99, 88, 11)
GO
INSERT [Albums].[ChansonAlbum] ([ChansonAlbumID], [ChansonID], [AlbumID])
VALUES (100, 89, 11)
INSERT [Albums].[ChansonAlbum] ([ChansonAlbumID], [ChansonID], [AlbumID])
VALUES (101, 90, 11)
INSERT [Albums].[ChansonAlbum] ([ChansonAlbumID], [ChansonID], [AlbumID])
VALUES (102, 91, 11)
INSERT [Albums].[ChansonAlbum] ([ChansonAlbumID], [ChansonID], [AlbumID])
VALUES (103, 78, 11)
INSERT [Albums].[ChansonAlbum] ([ChansonAlbumID], [ChansonID], [AlbumID])
VALUES (104, 84, 11)
INSERT [Albums].[ChansonAlbum] ([ChansonAlbumID], [ChansonID], [AlbumID])
VALUES (105, 59, 11)
INSERT [Albums].[ChansonAlbum] ([ChansonAlbumID], [ChansonID], [AlbumID])
VALUES (106, 92, 11)
INSERT [Albums].[ChansonAlbum] ([ChansonAlbumID], [ChansonID], [AlbumID])
VALUES (107, 93, 11)
INSERT [Albums].[ChansonAlbum] ([ChansonAlbumID], [ChansonID], [AlbumID])
VALUES (108, 94, 11)
INSERT [Albums].[ChansonAlbum] ([ChansonAlbumID], [ChansonID], [AlbumID])
VALUES (109, 95, 11)
INSERT [Albums].[ChansonAlbum] ([ChansonAlbumID], [ChansonID], [AlbumID])
VALUES (110, 72, 11)
INSERT [Albums].[ChansonAlbum] ([ChansonAlbumID], [ChansonID], [AlbumID])
VALUES (111, 76, 11)
INSERT [Albums].[ChansonAlbum] ([ChansonAlbumID], [ChansonID], [AlbumID])
VALUES (112, 96, 11)
INSERT [Albums].[ChansonAlbum] ([ChansonAlbumID], [ChansonID], [AlbumID])
VALUES (113, 81, 11)
INSERT [Albums].[ChansonAlbum] ([ChansonAlbumID], [ChansonID], [AlbumID])
VALUES (114, 79, 11)
INSERT [Albums].[ChansonAlbum] ([ChansonAlbumID], [ChansonID], [AlbumID])
VALUES (115, 97, 11)
SET IDENTITY_INSERT [Albums].[ChansonAlbum] OFF
GO
SET IDENTITY_INSERT [Groupes].[Artiste] ON

INSERT [Groupes].[Artiste] ([ArtisteID], [NomScene], [NomComplet], [DateNaissance])
VALUES (1, N'Tony Banks', N'Anthony George Banks', CAST(N'1950-03-27' AS Date))
INSERT [Groupes].[Artiste] ([ArtisteID], [NomScene], [NomComplet], [DateNaissance])
VALUES (2, N'Mike Rutherford', N'Michael John Cleote Crawford Rutherford', CAST(N'1950-10-02' AS Date))
INSERT [Groupes].[Artiste] ([ArtisteID], [NomScene], [NomComplet], [DateNaissance])
VALUES (3, NULL, N'Phill Collins', CAST(N'1951-01-30' AS Date))
INSERT [Groupes].[Artiste] ([ArtisteID], [NomScene], [NomComplet], [DateNaissance])
VALUES (4, NULL, N'Peter Gabriel', CAST(N'1950-02-13' AS Date))
INSERT [Groupes].[Artiste] ([ArtisteID], [NomScene], [NomComplet], [DateNaissance])
VALUES (5, N'Steve Hackett', N'Stephen Richard Hackett', CAST(N'1950-02-12' AS Date))
INSERT [Groupes].[Artiste] ([ArtisteID], [NomScene], [NomComplet], [DateNaissance])
VALUES (6, N'Ray Wilson', N'Raymond Daniel Wilson', CAST(N'1968-09-08' AS Date))
INSERT [Groupes].[Artiste] ([ArtisteID], [NomScene], [NomComplet], [DateNaissance])
VALUES (7, N'Bill Bruford', N'William Scott Bruford', CAST(N'1949-05-17' AS Date))
INSERT [Groupes].[Artiste] ([ArtisteID], [NomScene], [NomComplet], [DateNaissance])
VALUES (8, NULL, N'Chester Cortez Thompson', CAST(N'1948-12-11' AS Date))
INSERT [Groupes].[Artiste] ([ArtisteID], [NomScene], [NomComplet], [DateNaissance])
VALUES (9, N'Alex Lifeson', N'Aleksandar Živojinovi', CAST(N'1953-08-27' AS Date))
INSERT [Groupes].[Artiste] ([ArtisteID], [NomScene], [NomComplet], [DateNaissance])
VALUES (10, NULL, N'Geddy Lee', CAST(N'1953-07-29' AS Date))
INSERT [Groupes].[Artiste] ([ArtisteID], [NomScene], [NomComplet], [DateNaissance])
VALUES (11, NULL, N'Neil Ellwood Peart', CAST(N'1952-09-12' AS Date))
INSERT [Groupes].[Artiste] ([ArtisteID], [NomScene], [NomComplet], [DateNaissance])
VALUES (12, NULL, N'John Howard Rutsey', CAST(N'1952-07-23' AS Date))
INSERT [Groupes].[Artiste] ([ArtisteID], [NomScene], [NomComplet], [DateNaissance])
VALUES (13, NULL, N'John Peter Petrucci', CAST(N'1967-07-12' AS Date))
INSERT [Groupes].[Artiste] ([ArtisteID], [NomScene], [NomComplet], [DateNaissance])
VALUES (14, NULL, N'John Ro Myung', CAST(N'1967-01-24' AS Date))
INSERT [Groupes].[Artiste] ([ArtisteID], [NomScene], [NomComplet], [DateNaissance])
VALUES (15, N'Mike Portnoy', N'Michael Stephen Portnoy', CAST(N'1967-04-20' AS Date))
INSERT [Groupes].[Artiste] ([ArtisteID], [NomScene], [NomComplet], [DateNaissance])
VALUES (16, NULL, N'Kevin James LaBrie', CAST(N'1963-05-05' AS Date))
INSERT [Groupes].[Artiste] ([ArtisteID], [NomScene], [NomComplet], [DateNaissance])
VALUES (17, N'Jordan Rudess', N'Jordan Charles Rudes', CAST(N'1956-11-04' AS Date))
INSERT [Groupes].[Artiste] ([ArtisteID], [NomScene], [NomComplet], [DateNaissance])
VALUES (18, NULL, N'Charlie Dominici', CAST(N'1951-06-16' AS Date))
SET IDENTITY_INSERT [Groupes].[Artiste] OFF
GO
SET IDENTITY_INSERT [Groupes].[Role] ON

INSERT [Groupes].[Role] ([RoleID], [Instrument], [DateDebut], [DateFin], [EstMembreOfficiel], [GroupeID], [ArtisteID])
VALUES (1, N'Clavier', CAST(N'1967-03-07' AS Date), CAST(N'2022-03-07' AS Date), 1, 1, 1)
INSERT [Groupes].[Role] ([RoleID], [Instrument], [DateDebut], [DateFin], [EstMembreOfficiel], [GroupeID], [ArtisteID])
VALUES (2, N'Basse', CAST(N'1967-03-07' AS Date), CAST(N'2022-03-07' AS Date), 1, 1, 2)
INSERT [Groupes].[Role] ([RoleID], [Instrument], [DateDebut], [DateFin], [EstMembreOfficiel], [GroupeID], [ArtisteID])
VALUES (3, N'Guitare', CAST(N'1977-08-13' AS Date), CAST(N'2022-03-07' AS Date), 1, 1, 2)
INSERT [Groupes].[Role] ([RoleID], [Instrument], [DateDebut], [DateFin], [EstMembreOfficiel], [GroupeID], [ArtisteID])
VALUES (4, N'Batterie', CAST(N'1970-05-19' AS Date), CAST(N'2022-03-07' AS Date), 1, 1, 3)
INSERT [Groupes].[Role] ([RoleID], [Instrument], [DateDebut], [DateFin], [EstMembreOfficiel], [GroupeID], [ArtisteID])
VALUES (5, N'Chant', CAST(N'1975-02-21' AS Date), CAST(N'2022-03-07' AS Date), 1, 1, 3)
INSERT [Groupes].[Role] ([RoleID], [Instrument], [DateDebut], [DateFin], [EstMembreOfficiel], [GroupeID], [ArtisteID])
VALUES (6, N'Chant', CAST(N'1967-03-07' AS Date), CAST(N'1975-02-21' AS Date), 1, 1, 4)
INSERT [Groupes].[Role] ([RoleID], [Instrument], [DateDebut], [DateFin], [EstMembreOfficiel], [GroupeID], [ArtisteID])
VALUES (7, N'Guitare', CAST(N'1967-03-07' AS Date), CAST(N'1977-08-13' AS Date), 1, 1, 5)
INSERT [Groupes].[Role] ([RoleID], [Instrument], [DateDebut], [DateFin], [EstMembreOfficiel], [GroupeID], [ArtisteID])
VALUES (8, N'Chant', CAST(N'1997-11-06' AS Date), CAST(N'1998-04-14' AS Date), 1, 1, 6)
INSERT [Groupes].[Role] ([RoleID], [Instrument], [DateDebut], [DateFin], [EstMembreOfficiel], [GroupeID], [ArtisteID])
VALUES (9, N'Batterie', CAST(N'1976-01-01' AS Date), CAST(N'1976-12-31' AS Date), 0, 1, 7)
INSERT [Groupes].[Role] ([RoleID], [Instrument], [DateDebut], [DateFin], [EstMembreOfficiel], [GroupeID], [ArtisteID])
VALUES (10, N'Batterie', CAST(N'1977-08-13' AS Date), CAST(N'2007-10-15' AS Date), 0, 1, 8)
INSERT [Groupes].[Role] ([RoleID], [Instrument], [DateDebut], [DateFin], [EstMembreOfficiel], [GroupeID], [ArtisteID])
VALUES (11, N'Guitare', CAST(N'1968-08-18' AS Date), CAST(N'2018-04-16' AS Date), 1, 2, 9)
INSERT [Groupes].[Role] ([RoleID], [Instrument], [DateDebut], [DateFin], [EstMembreOfficiel], [GroupeID], [ArtisteID])
VALUES (12, N'Basse', CAST(N'1968-08-18' AS Date), CAST(N'2018-04-16' AS Date), 1, 2, 10)
INSERT [Groupes].[Role] ([RoleID], [Instrument], [DateDebut], [DateFin], [EstMembreOfficiel], [GroupeID], [ArtisteID])
VALUES (13, N'Chanteur', CAST(N'1968-08-18' AS Date), CAST(N'2018-04-16' AS Date), 1, 2, 10)
INSERT [Groupes].[Role] ([RoleID], [Instrument], [DateDebut], [DateFin], [EstMembreOfficiel], [GroupeID], [ArtisteID])
VALUES (14, N'Batterie', CAST(N'1974-08-09' AS Date), CAST(N'2018-04-16' AS Date), 1, 2, 11)
INSERT [Groupes].[Role] ([RoleID], [Instrument], [DateDebut], [DateFin], [EstMembreOfficiel], [GroupeID], [ArtisteID])
VALUES (15, N'Batterie', CAST(N'1968-08-18' AS Date), CAST(N'1974-08-09' AS Date), 1, 2, 12)
INSERT [Groupes].[Role] ([RoleID], [Instrument], [DateDebut], [DateFin], [EstMembreOfficiel], [GroupeID], [ArtisteID])
VALUES (16, N'Guitare', CAST(N'1985-09-23' AS Date), NULL, 1, 3, 13)
INSERT [Groupes].[Role] ([RoleID], [Instrument], [DateDebut], [DateFin], [EstMembreOfficiel], [GroupeID], [ArtisteID])
VALUES (17, N'Basse', CAST(N'1985-09-23' AS Date), NULL, 1, 3, 14)
INSERT [Groupes].[Role] ([RoleID], [Instrument], [DateDebut], [DateFin], [EstMembreOfficiel], [GroupeID], [ArtisteID])
VALUES (18, N'Batterie', CAST(N'1985-09-23' AS Date), NULL, 1, 3, 15)
INSERT [Groupes].[Role] ([RoleID], [Instrument], [DateDebut], [DateFin], [EstMembreOfficiel], [GroupeID], [ArtisteID])
VALUES (19, N'Chant', CAST(N'1991-02-12' AS Date), NULL, 1, 3, 16)
INSERT [Groupes].[Role] ([RoleID], [Instrument], [DateDebut], [DateFin], [EstMembreOfficiel], [GroupeID], [ArtisteID])
VALUES (20, N'Clavier', CAST(N'1999-07-03' AS Date), NULL, 1, 3, 17)
INSERT [Groupes].[Role] ([RoleID], [Instrument], [DateDebut], [DateFin], [EstMembreOfficiel], [GroupeID], [ArtisteID])
VALUES (21, N'Chant', CAST(N'1985-09-23' AS Date), CAST(N'1989-04-13' AS Date), 1, 3, 18)
SET IDENTITY_INSERT [Groupes].[Role] OFF
GO
